d910d617-f189-4357-83a1-f7c5f42f72ff,Action,2024-07-25 13:57:15.550461-03,
c420c4c6-a134-44fa-a289-5825358e1b8d,Adventure,2024-07-25 13:57:20.557603-03,
ae94f93b-9e49-41c1-b140-13a300cf5c25,Anime,2024-07-25 13:57:25.913937-03,
313e7149-330f-47d1-899c-ddf195861a2f,Biography,2024-07-25 13:57:30.854803-03,
e9a1b79c-9c36-4bc4-bad1-754f949d3d79,Comedy,2024-07-25 13:57:35.413793-03,
7dac075c-ce9d-441a-80a0-e76765abbc9d,Crime,2024-07-25 13:57:41.183365-03,
82d81ede-fdf2-4b03-b687-4091714619ac,Documentary,2024-07-25 13:57:47.534462-03,
a73a77fe-a7ad-47b7-825f-a2e4a8e6e220,Drama,2024-07-25 13:57:54.905462-03,
fd561474-7908-48c8-8434-576f648e35e0,Family,2024-07-25 13:58:00.00629-03,
75aa6d01-fba3-4f0b-a25c-5bfb7b4081f2,Fantasy,2024-07-25 13:58:06.609734-03,
561bfcbf-de52-431f-a150-fa110f50c991,History,2024-07-25 13:58:14.468351-03,
10544d86-2d65-43eb-b678-4ee14cd54343,Horror,2024-07-25 13:58:18.997893-03,
f75b96a5-b872-452f-8d96-957c2be083db,Musical,2024-07-25 13:58:23.26425-03,
8fbd8dc2-c15f-4717-8da4-fb19a80ad7a2,Mystery,2024-07-25 13:58:28.71216-03,
3164a02a-e7b9-4019-a086-9c60be30b7d0,News,2024-07-25 13:58:34.696329-03,
976884d3-a90d-4600-8c92-46e410ebf2df,Reality-TV,2024-07-25 13:58:43.344061-03,
f9cc8643-4f37-4157-820d-1e4bc938f5b4,Romance,2024-07-25 13:58:48.826035-03,
6007e1fb-3461-4d93-962a-480fd4f5536b,Sci-Fi,2024-07-25 13:58:54.63835-03,
42c39881-1fb7-4b53-857c-056c0fa4d91a,Sport,2024-07-25 13:58:59.633567-03,
0414082c-8d1c-4ae5-82c3-e31108c5b555,Thriller,2024-07-25 13:59:06.78404-03,
d6757eea-0063-40a6-88a2-abf5d6a024c9,War,2024-07-25 13:59:11.295874-03,
2f4a9256-aaf4-48ac-bf51-61d3014382ef,Western,2024-07-25 13:59:16.247825-03,
